{
  "WalkLeft": {
    "Frame0": [ 1.0, 1000.0, 1000.0, 1.0 ],
    "Frame1": [ 1000.0, 1000.0, 2000.0, 1.0 ],
    "Frame2": [ 2000.0, 1000.0, 3000.0, 1.0 ],
    "Frame3": [ 3000.0, 1000.0, 4000.0, 1.0 ],
    "Frame4": [ 4000.0, 1000.0, 5000.0, 1.0 ],
    "Frame5": [ 5000.0, 1000.0, 6000.0, 1.0 ],
    "Frame6": [ 6000.0, 1000.0, 7000.0, 1.0 ],
    "Frame7": [ 7000.0, 1000.0, 8000.0, 1.0 ],
    "Frame8": [ 8000.0, 1000.0, 9000.0, 1.0 ],
    "Frame9": [ 9000.0, 1000.0, 10000.0, 1.0 ],
    "Frame10": [ 10000.0, 1000.0, 11000.0, 1.0 ],
    "Frame11": [ 11000.0, 1000.0, 12000.0, 1.0 ],
    "Frame12": [ 12000.0, 1000.0, 13000.0, 1.0 ],
    "Frame13": [ 13000.0, 1000.0, 14000.0, 1.0 ],
    "Frame14": [ 14000.0, 1000.0, 15000.0, 1.0 ],
    "Frame15": [ 15000.0, 1000.0, 16000.0, 1.0 ],
    "Frame16": [ 16000.0, 1000.0, 17000.0, 1.0 ],
    "Frame17": [ 17000.0, 1000.0, 18000.0, 1.0 ],
    "NumFrames": 17,
    "Repeating": true,
    "SecsPerFrame": 0.0900000357627869
  },
  "WalkRight": {
    "Frame0": [ 1.0, 1000.0, 1000.0, 1.0 ],
    "Frame1": [ 1000.0, 1000.0, 2000.0, 1.0 ],
    "Frame2": [ 2000.0, 1000.0, 3000.0, 1.0 ],
    "Frame3": [ 3000.0, 1000.0, 4000.0, 1.0 ],
    "Frame4": [ 4000.0, 1000.0, 5000.0, 1.0 ],
    "Frame5": [ 5000.0, 1000.0, 6000.0, 1.0 ],
    "Frame6": [ 6000.0, 1000.0, 7000.0, 1.0 ],
    "Frame7": [ 7000.0, 1000.0, 8000.0, 1.0 ],
    "Frame8": [ 8000.0, 1000.0, 9000.0, 1.0 ],
    "Frame9": [ 9000.0, 1000.0, 10000.0, 1.0 ],
    "Frame10": [ 10000.0, 1000.0, 11000.0, 1.0 ],
    "Frame11": [ 11000.0, 1000.0, 12000.0, 1.0 ],
    "Frame12": [ 12000.0, 1000.0, 13000.0, 1.0 ],
    "Frame13": [ 13000.0, 1000.0, 14000.0, 1.0 ],
    "Frame14": [ 14000.0, 1000.0, 15000.0, 1.0 ],
    "Frame15": [ 15000.0, 1000.0, 16000.0, 1.0 ],
    "Frame16": [ 16000.0, 1000.0, 17000.0, 1.0 ],
    "Frame17": [ 17000.0, 1000.0, 18000.0, 1.0 ],
    "NumFrames": 17,
    "Repeating": true,
    "SecsPerFrame": 0.0900000357627869
  },
  "WalkUp": {
    "Frame0": [ 1.0, 1000.0, 1000.0, 1.0 ],
    "Frame1": [ 1000.0, 1000.0, 2000.0, 1.0 ],
    "Frame2": [ 2000.0, 1000.0, 3000.0, 1.0 ],
    "Frame3": [ 3000.0, 1000.0, 4000.0, 1.0 ],
    "Frame4": [ 4000.0, 1000.0, 5000.0, 1.0 ],
    "Frame5": [ 5000.0, 1000.0, 6000.0, 1.0 ],
    "Frame6": [ 6000.0, 1000.0, 7000.0, 1.0 ],
    "Frame7": [ 7000.0, 1000.0, 8000.0, 1.0 ],
    "Frame8": [ 8000.0, 1000.0, 9000.0, 1.0 ],
    "Frame9": [ 9000.0, 1000.0, 10000.0, 1.0 ],
    "Frame10": [ 10000.0, 1000.0, 11000.0, 1.0 ],
    "Frame11": [ 11000.0, 1000.0, 12000.0, 1.0 ],
    "Frame12": [ 12000.0, 1000.0, 13000.0, 1.0 ],
    "Frame13": [ 13000.0, 1000.0, 14000.0, 1.0 ],
    "Frame14": [ 14000.0, 1000.0, 15000.0, 1.0 ],
    "Frame15": [ 15000.0, 1000.0, 16000.0, 1.0 ],
    "Frame16": [ 16000.0, 1000.0, 17000.0, 1.0 ],
    "Frame17": [ 17000.0, 1000.0, 18000.0, 1.0 ],
    "NumFrames": 17,
    "Repeating": true,
    "SecsPerFrame": 0.0900000357627869
  },
  "WalkDown": {
    "Frame0": [ 1.0, 1000.0, 1000.0, 1.0 ],
    "Frame1": [ 1000.0, 1000.0, 2000.0, 1.0 ],
    "Frame2": [ 2000.0, 1000.0, 3000.0, 1.0 ],
    "Frame3": [ 3000.0, 1000.0, 4000.0, 1.0 ],
    "Frame4": [ 4000.0, 1000.0, 5000.0, 1.0 ],
    "Frame5": [ 5000.0, 1000.0, 6000.0, 1.0 ],
    "Frame6": [ 6000.0, 1000.0, 7000.0, 1.0 ],
    "Frame7": [ 7000.0, 1000.0, 8000.0, 1.0 ],
    "Frame8": [ 8000.0, 1000.0, 9000.0, 1.0 ],
    "Frame9": [ 9000.0, 1000.0, 10000.0, 1.0 ],
    "Frame10": [ 10000.0, 1000.0, 11000.0, 1.0 ],
    "Frame11": [ 11000.0, 1000.0, 12000.0, 1.0 ],
    "Frame12": [ 12000.0, 1000.0, 13000.0, 1.0 ],
    "Frame13": [ 13000.0, 1000.0, 14000.0, 1.0 ],
    "Frame14": [ 14000.0, 1000.0, 15000.0, 1.0 ],
    "Frame15": [ 15000.0, 1000.0, 16000.0, 1.0 ],
    "Frame16": [ 16000.0, 1000.0, 17000.0, 1.0 ],
    "Frame17": [ 17000.0, 1000.0, 18000.0, 1.0 ],
    "NumFrames": 17,
    "Repeating": true,
    "SecsPerFrame": 0.0900000357627869
  },
  "IdleLeft": {
    "Frame0": [ 31000.0, 1000.0, 32000.0, 1.0 ],
    "NumFrames": 1,
    "Repeating": true,
    "SecsPerFrame": 0.0900000357627869
  },
  "IdleRight": {
    "Frame0": [ 31000.0,1000.0,32000.0, 1.0 ],
    "NumFrames": 1,
    "Repeating": true,
    "SecsPerFrame": 0.0900000357627869
  },
  "IdleUp": {
    "Frame0": [ 31000.0, 1000.0, 32000.0, 1.0 ],
    "NumFrames": 1,
    "Repeating": true,
    "SecsPerFrame": 0.0900000357627869
  },
  "IdleDown": {
    "Frame0": [ 31000.0, 1000.0, 32000.0, 1.0 ],
    "NumFrames": 1,
    "Repeating": true,
    "SecsPerFrame": 0.0900000357627869
  }

}
  /*"PLAYRANIM": {


    "Frame18": [ 18000.0, 1000.0, 19000.0, 0.0 ],
    "Frame19": [ 19000.0, 1000.0, 20000.0, 0.0 ],
    "Frame20": [ 20000.0, 1000.0, 21000.0, 0.0 ],
    "Frame21": [ 21000.0, 1000.0, 22000.0, 0.0 ],
    "Frame22": [ 22000.0, 1000.0, 23000.0, 0.0 ],
    "Frame23": [ 23000.0, 1000.0, 24000.0, 0.0 ],
    "Frame24": [ 24000.0, 1000.0, 25000.0, 0.0 ],
    "Frame25": [ 25000.0, 1000.0, 26000.0, 0.0 ],
    "Frame26": [ 26000.0, 1000.0, 27000.0, 0.0 ],
    "Frame27": [ 27000.0, 1000.0, 28000.0, 0.0 ],
    "Frame28": [ 28000.0, 1000.0, 29000.0, 0.0 ],
    "Frame29": [ 29000.0, 1000.0, 30000.0, 0.0 ],
    "Frame30": [ 30000.0, 1000.0, 31000.0, 0.0 ],
    "Frame31": [ 31000.0, 1000.0, 32000.0, 0.0 ],

    "Frame32": [ 32000.0, 1000.0, 33000.0, 0.0 ],
    "Frame33": [ 33000.0, 1000.0, 34000.0, 0.0 ],
    "Frame34": [ 34000.0, 1000.0, 35000.0, 0.0 ],
    "Frame35": [ 35000.0, 1000.0, 36000.0, 0.0 ],
    "Frame36": [ 36000.0, 1000.0, 37000.0, 0.0 ],
    "Frame37": [ 37000.0, 1000.0, 38000.0, 0.0 ],
    "Frame38": [ 38000.0, 1000.0, 39000.0, 0.0 ],
    "Frame39": [ 39000.0, 1000.0, 40000.0, 0.0 ],
    "Frame40": [ 40000.0, 1000.0, 41000.0, 0.0 ],
    "Frame41": [ 41000.0, 1000.0, 42000.0, 0.0 ],
    "Frame42": [ 42000.0, 1000.0, 43000.0, 0.0 ],
    "Frame43": [ 43000.0, 1000.0, 44000.0, 0.0 ],
    "Frame44": [ 44000.0, 1000.0, 45000.0, 0.0 ],
    "Frame45": [ 45000.0, 1000.0, 46000.0, 0.0 ],
    "Frame46": [ 46000.0, 1000.0, 47000.0, 0.0 ],
    "Frame47": [ 47000.0, 1000.0, 48000.0, 0.0 ],
    "Frame48": [ 48000.0, 1000.0, 49000.0, 0.0 ],
    "Frame49": [ 49000.0, 1000.0, 50000.0, 0.0 ],
    "Frame50": [ 50000.0, 1000.0, 51000.0, 0.0 ],
    "Frame51": [ 51000.0, 1000.0, 52000.0, 0.0 ],
    "Frame52": [ 52000.0, 1000.0, 53000.0, 0.0 ],
    "NumFrames": 1,
    "Repeating": true,
    "SecsPerFrame": 1.0
  },
  */
