{
  "WalkLeft": {
    "Frame0": [ 200, 1600, 1600, 200 ],
    "Frame1": [ 1700, 1600, 3100, 200 ],
    "Frame2": [ 3200, 1600, 4600, 200 ],
    "Frame3": [ 4700, 1600, 6100, 200 ],
    "Frame4": [ 6200, 1600, 7600, 200 ],
    "Frame5": [ 7700, 1600, 9100, 200 ],
    "Frame6": [ 9200, 1600, 10600, 200 ],
    "Frame7": [ 10700, 1600, 12100, 200 ],
    "Frame8": [ 12200, 1600, 13600, 200 ],
    "Frame9": [ 13700, 1600, 15100, 200 ],
    "Frame10": [ 15200, 1600, 16600, 200 ],
    "Frame11": [ 16700, 1600, 18100, 200 ],
    "Frame12": [ 18200, 1600, 19600, 200 ],
    "Frame13": [ 19700, 1600, 21100, 200 ],
    "Frame14": [ 21200, 1600, 22600, 200 ],
    "Frame15": [ 22700, 1600, 24100, 200 ],
    "Frame16": [ 24200, 1600, 25600, 200 ],
    "Frame17": [ 25700, 1600, 27100, 200 ],
    "Frame18": [ 27200, 1600, 28600, 200 ],
    "NumFrames": 18,
    "Repeating": true,
    "SecsPerFrame": 0.0900000357627869
  },
  "WalkRight": {
    "Frame0": [ 200, 1600, 1600, 200 ],
    "Frame1": [ 1700, 1600, 3100, 200 ],
    "Frame2": [ 3200, 1600, 4600, 200 ],
    "Frame3": [ 4700, 1600, 6100, 200 ],
    "Frame4": [ 6200, 1600, 7600, 200 ],
    "Frame5": [ 7700, 1600, 9100, 200 ],
    "Frame6": [ 9200, 1600, 10600, 200 ],
    "Frame7": [ 10700, 1600, 12100, 200 ],
    "Frame8": [ 12200, 1600, 13600, 200 ],
    "Frame9": [ 13700, 1600, 15100, 200 ],
    "Frame10": [ 15200, 1600, 16600, 200 ],
    "Frame11": [ 16700, 1600, 18100, 200 ],
    "Frame12": [ 18200, 1600, 19600, 200 ],
    "Frame13": [ 19700, 1600, 21100, 200 ],
    "Frame14": [ 21200, 1600, 22600, 200 ],
    "Frame15": [ 22700, 1600, 24100, 200 ],
    "Frame16": [ 24200, 1600, 25600, 200 ],
    "Frame17": [ 25700, 1600, 27100, 200 ],
    "Frame18": [ 27200, 1600, 28600, 200 ],
    "NumFrames": 18,
    "Repeating": true,
    "SecsPerFrame": 0.0900000357627869
  },
  "WalkUp": {
    "Frame0": [ 200, 1600, 1600, 200 ],
    "Frame1": [ 1700, 1600, 3100, 200 ],
    "Frame2": [ 3200, 1600, 4600, 200 ],
    "Frame3": [ 4700, 1600, 6100, 200 ],
    "Frame4": [ 6200, 1600, 7600, 200 ],
    "Frame5": [ 7700, 1600, 9100, 200 ],
    "Frame6": [ 9200, 1600, 10600, 200 ],
    "Frame7": [ 10700, 1600, 12100, 200 ],
    "Frame8": [ 12200, 1600, 13600, 200 ],
    "Frame9": [ 13700, 1600, 15100, 200 ],
    "Frame10": [ 15200, 1600, 16600, 200 ],
    "Frame11": [ 16700, 1600, 18100, 200 ],
    "Frame12": [ 18200, 1600, 19600, 200 ],
    "Frame13": [ 19700, 1600, 21100, 200 ],
    "Frame14": [ 21200, 1600, 22600, 200 ],
    "Frame15": [ 22700, 1600, 24100, 200 ],
    "Frame16": [ 24200, 1600, 25600, 200 ],
    "Frame17": [ 25700, 1600, 27100, 200 ],
    "Frame18": [ 27200, 1600, 28600, 200 ],
    "NumFrames": 18,
    "Repeating": true,
    "SecsPerFrame": 0.0900000357627869
  },
  "WalkDown": {
    "Frame0": [ 200, 1600, 1600, 200 ],
    "Frame1": [ 1700, 1600, 3100, 200 ],
    "Frame2": [ 3200, 1600, 4600, 200 ],
    "Frame3": [ 4700, 1600, 6100, 200 ],
    "Frame4": [ 6200, 1600, 7600, 200 ],
    "Frame5": [ 7700, 1600, 9100, 200 ],
    "Frame6": [ 9200, 1600, 10600, 200 ],
    "Frame7": [ 10700, 1600, 12100, 200 ],
    "Frame8": [ 12200, 1600, 13600, 200 ],
    "Frame9": [ 13700, 1600, 15100, 200 ],
    "Frame10": [ 15200, 1600, 16600, 200 ],
    "Frame11": [ 16700, 1600, 18100, 200 ],
    "Frame12": [ 18200, 1600, 19600, 200 ],
    "Frame13": [ 19700, 1600, 21100, 200 ],
    "Frame14": [ 21200, 1600, 22600, 200 ],
    "Frame15": [ 22700, 1600, 24100, 200 ],
    "Frame16": [ 24200, 1600, 25600, 200 ],
    "Frame17": [ 25700, 1600, 27100, 200 ],
    "Frame18": [ 27200, 1600, 28600, 200 ],
    "NumFrames": 18,
    "Repeating": true,
    "SecsPerFrame": 0.0900000357627869
  },
  "IdleLeft": {
    "Frame0": [ 200, 1400, 1400, 200 ],
    "NumFrames": 1,
    "Repeating": true,
    "SecsPerFrame": 0.09
  },
  "IdleRight": {
    "Frame0": [ 200, 1400, 1400, 200 ],
    "NumFrames": 1,
    "Repeating": true,
    "SecsPerFrame": 0.09
  },
  "IdleUp": {
    "Frame0": [ 200, 1400, 1400, 200 ],
    "NumFrames": 1,
    "Repeating": true,
    "SecsPerFrame": 0.09
  },
  "IdleDown": {
    "Frame0": [ 200, 1400, 1400, 200 ],
    "NumFrames": 1,
    "Repeating": true,
    "SecsPerFrame": 0.09
  }
}
//do 18