{
  "WalkLeft": {
    "Frame0": [ 200, 1400, 1400, 200 ],
    "Frame1": [ 200, 2900, 1400, 1700 ],
    "Frame2": [ 200, 4400, 1400, 3200 ],
    "Frame3": [ 200, 5900, 1400, 4700 ],
    "Frame4": [ 200, 7400, 1400, 6200 ],
    "Frame5": [ 200, 8900, 1400, 7700 ],
    "Frame6": [ 200, 10400, 1400, 9200 ],
    "Frame7": [ 200, 11900, 1400, 10700 ],
    "Frame8": [ 200, 13400, 1400, 12200 ],
    "Frame9": [ 200, 14900, 1400, 13700 ],
    "Frame10": [ 200, 16400, 1400, 15200 ],
    "Frame11": [ 200, 17900, 1400, 16700 ],
    "Frame12": [ 200, 19400, 1400, 18200 ],
    "Frame13": [ 200, 20900, 1400, 19700 ],
    "Frame14": [ 200, 22400, 1400, 21200 ],
    "Frame15": [ 200, 23900, 1400, 22700 ],
    "Frame16": [ 200, 25400, 1400, 24200 ],
    "Frame17": [ 200, 26900, 1400, 25700 ],
    "Frame18": [ 200, 28400, 1400, 27200 ],
    "NumFrames": 18,
    "Repeating": true,
    "SecsPerFrame": 0.0900000357627869
  },
  "WalkRight": {
    "Frame0": [ 200, 1400, 1400, 200 ],
    "Frame1": [ 200, 2900, 1400, 1700 ],
    "Frame2": [ 200, 4400, 1400, 3200 ],
    "Frame3": [ 200, 5900, 1400, 4700 ],
    "Frame4": [ 200, 7400, 1400, 6200 ],
    "Frame5": [ 200, 8900, 1400, 7700 ],
    "Frame6": [ 200, 10400, 1400, 9200 ],
    "Frame7": [ 200, 11900, 1400, 10700 ],
    "Frame8": [ 200, 13400, 1400, 12200 ],
    "Frame9": [ 200, 14900, 1400, 13700 ],
    "Frame10": [ 200, 16400, 1400, 15200 ],
    "Frame11": [ 200, 17900, 1400, 16700 ],
    "Frame12": [ 200, 19400, 1400, 18200 ],
    "Frame13": [ 200, 20900, 1400, 19700 ],
    "Frame14": [ 200, 22400, 1400, 21200 ],
    "Frame15": [ 200, 23900, 1400, 22700 ],
    "Frame16": [ 200, 25400, 1400, 24200 ],
    "Frame17": [ 200, 26900, 1400, 25700 ],
    "Frame18": [ 200, 28400, 1400, 27200 ],
    "NumFrames": 18,
    "Repeating": true,
    "SecsPerFrame": 0.0900000357627869
  },
  "WalkUp": {
    "Frame0": [ 200, 1400, 1400, 200 ],
    "Frame1": [ 200, 2900, 1400, 1700 ],
    "Frame2": [ 200, 4400, 1400, 3200 ],
    "Frame3": [ 200, 5900, 1400, 4700 ],
    "Frame4": [ 200, 7400, 1400, 6200 ],
    "Frame5": [ 200, 8900, 1400, 7700 ],
    "Frame6": [ 200, 10400, 1400, 9200 ],
    "Frame7": [ 200, 11900, 1400, 10700 ],
    "Frame8": [ 200, 13400, 1400, 12200 ],
    "Frame9": [ 200, 14900, 1400, 13700 ],
    "Frame10": [ 200, 16400, 1400, 15200 ],
    "Frame11": [ 200, 17900, 1400, 16700 ],
    "Frame12": [ 200, 19400, 1400, 18200 ],
    "Frame13": [ 200, 20900, 1400, 19700 ],
    "Frame14": [ 200, 22400, 1400, 21200 ],
    "Frame15": [ 200, 23900, 1400, 22700 ],
    "Frame16": [ 200, 25400, 1400, 24200 ],
    "Frame17": [ 200, 26900, 1400, 25700 ],
    "Frame18": [ 200, 28400, 1400, 27200 ],
    "NumFrames": 18,
    "Repeating": true,
    "SecsPerFrame": 0.0900000357627869
  },
  "WalkDown": {
    "Frame0": [ 200, 1400, 1400, 200 ],
    "Frame1": [ 200, 2900, 1400, 1700 ],
    "Frame2": [ 200, 4400, 1400, 3200 ],
    "Frame3": [ 200, 5900, 1400, 4700 ],
    "Frame4": [ 200, 7400, 1400, 6200 ],
    "Frame5": [ 200, 8900, 1400, 7700 ],
    "Frame6": [ 200, 10400, 1400, 9200 ],
    "Frame7": [ 200, 11900, 1400, 10700 ],
    "Frame8": [ 200, 13400, 1400, 12200 ],
    "Frame9": [ 200, 14900, 1400, 13700 ],
    "Frame10": [ 200, 16400, 1400, 15200 ],
    "Frame11": [ 200, 17900, 1400, 16700 ],
    "Frame12": [ 200, 19400, 1400, 18200 ],
    "Frame13": [ 200, 20900, 1400, 19700 ],
    "Frame14": [ 200, 22400, 1400, 21200 ],
    "Frame15": [ 200, 23900, 1400, 22700 ],
    "Frame16": [ 200, 25400, 1400, 24200 ],
    "Frame17": [ 200, 26900, 1400, 25700 ],
    "Frame18": [ 200, 28400, 1400, 27200 ],
    "NumFrames": 18,
    "Repeating": true,
    "SecsPerFrame": 0.0900000357627869
  },
  "IdleLeft": {
    "Frame0": [ 200, 1400, 1400, 200 ],
    "NumFrames": 1,
    "Repeating": true,
    "SecsPerFrame": 0.09
  },
  "IdleRight": {
    "Frame0": [ 200, 1400, 1400, 200 ],
    "NumFrames": 1,
    "Repeating": true,
    "SecsPerFrame": 0.09
  },
  "IdleUp": {
    "Frame0": [ 200, 1400, 1400, 200 ],
    "NumFrames": 1,
    "Repeating": true,
    "SecsPerFrame": 0.09
  },
  "IdleDown": {
    "Frame0": [ 200, 1400, 1400, 200 ],
    "NumFrames": 1,
    "Repeating": true,
    "SecsPerFrame": 0.09
  }
}
//do 18